{"accuracy": [0.5850401520729065, 0.6887801289558411, 0.7107827067375183, 0.7286033630371094, 0.7428123354911804, 0.7516038417816162, 0.7571163773536682, 0.7654326558113098, 0.764624834060669, 0.7760775685310364, 0.775127112865448, 0.7804495692253113, 0.7821128368377686, 0.7839661836624146, 0.7846314907073975, 0.7884807586669922, 0.7877678871154785, 0.7928527593612671, 0.79171222448349, 0.7974623441696167, 0.7939457297325134, 0.799125611782074, 0.8034976124763489, 0.8026897311210632, 0.8019293546676636, 0.8058261871337891, 0.8067765831947327, 0.8070142269134521, 0.8267832398414612, 0.8372380137443542, 0.8321056962013245, 0.8339590430259705, 0.8378558158874512, 0.8412773609161377, 0.8418001532554626, 0.8393765091896057, 0.8427980542182922, 0.8441762328147888, 0.8446038961410522, 0.850259006023407, 0.8476452827453613, 0.8472651243209839, 0.846552312374115, 0.8461720943450928, 0.8434158563613892, 0.8468849658966064, 0.8487383127212524, 0.8471700549125671, 0.8462671637535095], "loss": [1.236187219619751, 0.9147568345069885, 0.8423670530319214, 0.7794662714004517, 0.7456154227256775, 0.7212373614311218, 0.6927552223205566, 0.6783291697502136, 0.666461706161499, 0.6484625935554504, 0.6433996558189392, 0.6372443437576294, 0.6211864352226257, 0.618358850479126, 0.6100874543190002, 0.5974440574645996, 0.6073397994041443, 0.590178370475769, 0.5961924195289612, 0.579194962978363, 0.5806863307952881, 0.5706577301025391, 0.5625979900360107, 0.565531849861145, 0.5644026398658752, 0.5515586137771606, 0.5493227243423462, 0.5479166507720947, 0.4921797513961792, 0.4630851149559021, 0.47373998165130615, 0.4707980751991272, 0.46128755807876587, 0.459271639585495, 0.4535946846008301, 0.4559480845928192, 0.44605937600135803, 0.4404016435146332, 0.4372895359992981, 0.43798431754112244, 0.43852686882019043, 0.43820810317993164, 0.43848806619644165, 0.4360876679420471, 0.4405345618724823, 0.4343203008174896, 0.4345804750919342, 0.4346556067466736, 0.43660324811935425], "val_accuracy": [0.6785714030265808, 0.7271062135696411, 0.7479853630065918, 0.7873626351356506, 0.7840659618377686, 0.7824175953865051, 0.7888278365135193, 0.7985348105430603, 0.7963370084762573, 0.8045787811279297, 0.8087912201881409, 0.8038461804389954, 0.8179486989974976, 0.8166666626930237, 0.8001831769943237, 0.8126373887062073, 0.8291208744049072, 0.8300366401672363, 0.8089743852615356, 0.8236263990402222, 0.8382784128189087, 0.8245421051979065, 0.83699631690979, 0.8161172270774841, 0.8344322443008423, 0.8338828086853027, 0.8278388381004333, 0.8300366401672363, 0.8509157299995422, 0.8446886539459229, 0.8351648449897766, 0.8487179279327393, 0.8465201258659363, 0.8401098847389221, 0.8476190567016602, 0.8490842580795288, 0.8483516573905945, 0.8479853272438049, 0.8518314957618713, 0.846703290939331, 0.8501831293106079, 0.8494505286216736, 0.8498168587684631, 0.8487179279327393, 0.8496336936950684, 0.8498168587684631, 0.8494505286216736, 0.8509157299995422, 0.8525640964508057], "val_loss": [0.9073664546012878, 0.7789022326469421, 0.7083806395530701, 0.6196595430374146, 0.6332942843437195, 0.6241559982299805, 0.5936437249183655, 0.5664398074150085, 0.5828965306282043, 0.5482382774353027, 0.545879602432251, 0.544211745262146, 0.5042294263839722, 0.518307626247406, 0.5645425319671631, 0.5316804051399231, 0.4826805889606476, 0.4852820336818695, 0.5350733995437622, 0.499640554189682, 0.47659575939178467, 0.4984079897403717, 0.46138903498649597, 0.517300009727478, 0.46739643812179565, 0.4612969160079956, 0.48652148246765137, 0.47329026460647583, 0.4162018597126007, 0.431282103061676, 0.45976898074150085, 0.4241229295730591, 0.4287038743495941, 0.4435144066810608, 0.4257794916629791, 0.4206186532974243, 0.4218452274799347, 0.42067307233810425, 0.4153866171836853, 0.4234306514263153, 0.4194641411304474, 0.4193054735660553, 0.42157724499702454, 0.42296674847602844, 0.41946300864219666, 0.41695430874824524, 0.4201294779777527, 0.4195050895214081, 0.417016863822937], "learning_rate": [0.0010000000474974513, 0.0010000000474974513, 0.0010000000474974513, 0.0010000000474974513, 0.0010000000474974513, 0.0010000000474974513, 0.0010000000474974513, 0.0010000000474974513, 0.0010000000474974513, 0.0010000000474974513, 0.0010000000474974513, 0.0010000000474974513, 0.0010000000474974513, 0.0010000000474974513, 0.0010000000474974513, 0.0010000000474974513, 0.0010000000474974513, 0.0010000000474974513, 0.0010000000474974513, 0.0010000000474974513, 0.0010000000474974513, 0.0010000000474974513, 0.0010000000474974513, 0.0010000000474974513, 0.0010000000474974513, 0.0010000000474974513, 0.0010000000474974513, 0.0010000000474974513, 0.00020000000949949026, 0.00020000000949949026, 0.00020000000949949026, 0.00020000000949949026, 0.00020000000949949026, 0.00020000000949949026, 4.0000002627493814e-05, 4.0000002627493814e-05, 4.0000002627493814e-05, 4.0000002627493814e-05, 4.0000002627493814e-05, 4.0000002627493814e-05, 4.0000002627493814e-05, 4.0000002627493814e-05, 4.0000002627493814e-05, 4.0000002627493814e-05, 8.000000889296643e-06, 8.000000889296643e-06, 8.000000889296643e-06, 8.000000889296643e-06, 8.000000889296643e-06]}